scene,N,switch_count,action_switch_rate,sequence
flip level 2 Update,46,33,0.7173913,0|1|1|1|0|1|0|1|0|1|1|0|0|0|1|0|1|0|1|0|1|0|1|1|0|1|0|0|1|0|1|0|1|0|0|0|1|0|1|1|0|1|0|0|1|1
flip level 3 New,67,29,0.4328358,0|0|0|0|1|0|0|1|0|0|0|1|1|0|1|1|1|0|1|1|1|1|1|0|0|0|0|1|1|1|0|0|1|1|1|1|0|1|1|1|1|0|1|0|0|0|0|0|0|1|0|1|0|1|0|1|0|1|1|1|1|1|1|1|1|0|1
