player_id,scene,N,switch_count,action_switch_rate,sequence
838CD9BD-DCD3-5B8E-982B-FEABDFCA867B,flip level 1 New,69,41,0.5942029,0|0|1|0|0|1|0|0|1|0|0|0|0|1|0|0|1|0|0|1|0|0|1|1|0|1|0|1|1|0|0|0|0|1|0|0|0|1|0|0|0|1|0|1|0|1|1|1|0|1|1|0|1|1|1|0|1|0|0|1|0|1|0|0|0|1|0|0|1
84FCBFEE-7AA6-5634-A109-0F234B1C0D48,flip level 1 New,57,33,0.5789474,0|0|1|1|0|0|1|0|0|1|0|1|0|0|1|0|0|0|1|1|0|0|1|0|1|1|1|1|1|0|0|1|0|0|0|0|0|1|0|1|0|0|0|1|0|1|0|1|1|1|0|1|1|0|1|0|1
84FCBFEE-7AA6-5634-A109-0F234B1C0D48,flip level 1 New,16,12,0.75,0|1|0|1|0|1|0|1|1|1|0|1|1|0|1|0
